row_id,paper_id,discipline,term,evidence,decision,note
1,friis2017-nudge,behavioral-economics,mean,"3 Mean ± SD, all such values.",,
2,perlmutter1999-omega-lambda,astronomy,Bayesian,"We have compared the results of Bayesian and classical, “fre- quentist,” fitting procedures.",,
3,sivroni2023-auditory,neuroscience,variance,"During the example ses- sion, response times during CPTs and IPTs did not exhibit distinct medians (p = 0.15, U-test) or distinct variances (p = 0.49, permutation test).",,
4,sivroni2023-auditory,neuroscience,bootstrap,"We quantied the ‘‘priming effect’’ in success rates by the difference between CPT and IPT success rates, which was 17% in the example session (p = 0.011, permutation test).",,
5,schmidhuber2015-deep-learning,artificial-intelligence,variance,Few bits of information are required to describe low-precision weights with high variance.,,
6,friis2017-nudge,behavioral-economics,hypothesis-testing,"The study had hoped to have a more representative sample, but it was not a requirement of the study’s design nor a theoretical basis for the alternative hypothesis’ expected effect",,
7,love2014-deseq2,genetics,p-value,"Often the goal of differential analysis is to produce a list of genes passing multiple-test adjustment, ranked by P value.",,
8,atlas2012-higgs,physics,standard-deviation,"production of a neutral boson with a measured mass of 126.0 This observation, which has a significance of 5.9 standard deviations, corresponding to a background 9, is compatible wi",,
9,simonyan2014-vgg,artificial-intelligence,statistical-significance,"As a result, we come up with significantly more accurate ConvNet architectures, which not only achieve the state-of-the-art accuracy on ILSVRC classification and localisation tasks",,
10,perlmutter1999-omega-lambda,astronomy,standard-deviation,.) The confidence regions of Figure 5(c) and the Ωflat M results in Table 3 show that the cosmological parameters found for Fit H differ by less than half of a standard deviation f,,
11,kingma2013-vae,artificial-intelligence,regression,Fixed-form variational posterior approximation through stochastic linear regression.,,
12,he2015-resnet,artificial-intelligence,standard-deviation,Standard deviations (std) of layer responses on CIFAR- 10.,,
13,niv2009-rl-brain,neuroscience,regression,"For instance, using general linear regression, Bayer and 13 Figure 3: Dopaminergic firing patterns comply with the predictions of TD learning.",,
14,greentao2004-primes,mathematics,mean,We observe that (1 + Om(p− 1/2)) 6 (1 + p− 1/2) Om(1) ∆ Yp | 16i<j6m (cid:18) Yp hi− By the arithmetic mean-geometric mean inequality (absorbing all constants into the 1/2)Om(1) fo,,
15,logan1990-automaticity,cognitive-psychology,statistical-significance,"These effects were confirmed by ANOVA: The main effect of word vs nonword was significant, F(1,50) = 119.43, p --c .Ol, MS, = 3220.48, as was the main effect of presentations, F(9,",,
16,kingma2013-vae,artificial-intelligence,chi-square,"Examples: Log-Normal (exponentiation of normally distributed variable), Gamma (a sum over exponentially distributed variables), Dirichlet (weighted sum of Gamma variates), Beta, Ch",,
17,reagan2016-emotional-arcs,literature,variance,"05) (3) We use Ward’s method to generate a hierarchical clus- tering of stories, which proceeds by minimizing variance for a node k in the set of nodes , with distance func- tion D",,
18,stroop1935-interference,cognitive-psychology,mean,The correction changed the mean on the NCfFd test from 108.7t0 IX°-3 a>»d the mean of the NC test from 63.0 to 63.3.,,
19,hansen2013-climate-change,earth-science,median,"A probabilistic analysis [20], still partly subjective, found a median ‘‘dangerous’’ threshold of 2.8uC, with 95% confidence that threshold was 1.5uC or higher.",,
20,hamilton2016-diachronic-embeddings,digital-humanities,correlation,"Across datasets, we found Pearson correlations in the range 0.45 < r < 0.8 (all p < 0.05), confirm- ing frequent words tend to be used in a greater di- versity of contexts.",,
21,dwork2012-fairness,law,statistical-significance,"Moreover, the mechanism is significantly more efficient than the general linear program.",,
22,scarborough1977-lexical,cognitive-psychology,hypothesis-testing,Experiment 2 was designed to test this hypothesis.,,
23,miller1956-magical-number,psychology,statistical-significance,"Since these two studies were done in different laboratories with slightly different techniques and methods of analysis, we are not in a good position to argue whether five loudness",,
24,gu2020-ml-asset-pricing,quantitative-finance,hypothesis-testing,The GRS-test is under the null hypothesis of correctly pricing all decile portfolios and includes the p-values.,,
25,clauset2009-power-law-data,statistics,confidence-interval,"ack line shows the rate of misclassification (over 1000 repetitions) of power law samples as log-normals (95% confidence interval shown in grey), while the blue (dashed) line shows",,
26,bargh1996-social,social-psychology,variance,"A one-way analysis of variance (ANOVA) of these data, with priming condition as the single factor, revealed a significant main effect, F(2, 33) = 5.76, p = .008.",,
27,gu2020-ml-asset-pricing,quantitative-finance,p-value,The GRS-test is under the null hypothesis of correctly pricing all decile portfolios and includes the p-values.,,
28,clauset2009-power-law-data,statistics,variance,"m this kind of fitting, provide estimates and standard errors for the slope, and calculate the fraction r2 of variance accounted for by the fitted line, which is taken as an indica",,
29,hamilton2016-diachronic-embeddings,digital-humanities,Bayesian,"ing: perhaps people are more likely to use rare words mistakenly in novel ways, a mechanism for- malizable by Bayesian models of word learning and corresponding to the biological n",,
30,bock1986-syntactic,linguistics,hypothesis-testing,"An alternative hypothesis is that it is not type- or token-based sentence representations that are responsible for the repetition effect, but the syn- tactic processes responsible ",,
31,kozlowski2019-geometry-culture,digital-humanities,variance,A key finding from this method is that much of the variance across all dimensions tested can be explained by just three core factors: Evaluation (good vs.,,
32,niv2009-rl-brain,neuroscience,bootstrap,"he soundness and convergence of ‘policy iteration’ methods (in which a policy is iteratively improved through bootstrapping of the values derived given each policy; Howard, 1960; B",,
33,hoffman2013-svi,statistics,regression,"any variants) (Kalman, 1960; Fox et al., 2011a), factorial models (Ghahramani and Jordan, 1997), hierarchical linear regression models (Gelman and Hill, 2007), hierarchical probit ",,
34,levine2016-visuomotor,robotics,regression,"A simple way to fit these linear-Gaussian dynamics is to use linear regression to determine fx, fu, and fc, and fit Ft based on the errors.",,
35,candes2009-matrix-completion,mathematics,sample-size,matrices from on the order of nr—up to logarithmic multiplicative factors—randomly selected entries? Can the sample size be merely proportional to the true complexity of the low-ra,,
36,garimella2018-political-discourse,political-science,p-value,"A ✓ indicates that the corresponding feature is significantly higher for the group of the column (p < 0.001) for at least 4 of the 6 thresh- olds δ used, for most datasets.",,
37,ferraro2009-brand,marketing,standard-deviation,", type of group (i.e., 0 p out-group, 1 p in-group), and the value of construal at one standard de- viation below the mean (4 A), at the mean (4 B), and at one standard deviation a",,
38,planck2018-cosmology,astronomy,Bayesian,"Phys., 102, 48, arXiv:1804.09678 Cardona, W., Kunz, M., & Pettorino, V., Determining H0 with Bayesian hyper- parameters.",,
39,logan1990-automaticity,cognitive-psychology,hypothesis-testing,three empirical parallels between repetition priming and automaticity predicted by the instance theory and to test hypotheses about possible associative bases of repeti- tion primi,,
40,ugander2011-facebook-graph,sociology,statistical-significance,Restricting the comparison to individuals age 13 or more and with access to the internet (the set of individuals eligible to have Facebook accounts) would put this percentage signi,,
41,reagan2016-emotional-arcs,literature,sample-size,"The cluster ID is given by numbering the clusters in order of linkage starting at 0, with each individual book representing a cluster of size 1 such that the final cluster (all boo",,
42,garimella2018-political-discourse,political-science,Bayesian,Birds of the Same Feather Tweet Together: Bayesian Ideal Point Estimation Using Twitter Data.,,
43,cook2013-climate-consensus,earth-science,statistical-significance,The average numbers of authors per endorsement abstract (3.4) and per no position abstract (3.6) are both significantly larger than the average number of authors per rejection abst,,
44,mcmahon-olson2007-suppression,neuroscience,false-discovery-rate,"Signicance of kernels was evaluated for each monkey and each lag by rank-sum tests, with Bonferroni correction.",,
45,newman2003-complex-networks,network-science,statistical-significance,"This assumption however degree distribution pk ∼ can give misleading results; in many cases there will be vertices in the network with significantly higher degree than this, as dis",,
46,friis2017-nudge,behavioral-economics,ANOVA,"Oneway ANOVA with post hoc test was performed to explore any changes between the three nudges for: total intake, total chilli con carne intake, total rice intake and total vegetabl",,
47,preskill2018-nisq,quantum-computing,correlation,"Laughlin and Pines [8] emphasized in the statement I quoted earlier, we think that simulating such “strongly correlated” matter is a difficult computational problem, because many v",,
48,garimella2018-political-discourse,political-science,statistical-significance,Table 2 (second column) summarizes the results for partisan users and lists the features for which the difference is statistically significant on a majority of the datasets.,,
49,love2014-deseq2,genetics,mean,"1 and the rlog transformation, show- ing that the rlog both stabilizes the variance through the range of the mean of counts and helps to find meaningful patterns in the data.",,
50,scarborough1977-lexical,cognitive-psychology,ANOVA,"Responses to first and second presenta- tions of words were further analyzed in a six-way analysis of variance, with factors of response bias, presentation (first or second), case ",,
51,ioannidis2005-false-findings,statistics,Bayesian,"As has been shown previously, the probability that a research fi nding is indeed true depends on the prior probability of it being true (before doing the study), the statistical po",,
52,onnela2007-tie-strengths,sociology,p-value,"The green (◊), red ((cid:31)), and blue (ο) curves are associated with system sizes , ≈N , and they were obtained using resampling extraction with node occupation probabilities p=0",,
53,grover2016-node2vec,network-science,sample-size,The opposite is true for DFS which can explore larger parts of the network as it can move further away from the source node u (with sample size k being fixed).,,
54,geim2007-rise-graphene,materials-science,mean,Bilayer graphene: short range intera tions in 1956) sin e mean (cid:28)eld al ulations give a riti al value for U to be of the order of U/t 1.7.,,
55,grilli2016-ecological-modularity,ecology,mean,"This directionality proved important in our previous study36, where we showed that when the mean of the negative effects dominates that of the positive effects, systems built accor",,
56,ongaro2014-raft,computer-science,statistical-significance,"Each implementation begins with Paxos, dis- covers the difficulties in implementing it, and then de- velops a significantly different architecture.",,
57,niv2009-rl-brain,neuroscience,p-value,"Moreover, conditioned stimuli predicting probabilistic rewards or rewards 14 abc010101015152501p=0 p=0.25 p=0.5 p=0.75 p=1 stimulusonrewardor stimulus offstimulusonrewardor stimulu",,
58,abbott2017-gw170817,astronomy,correlation,"The individual masses are in the broad range of 0.86 to 2.26 M⊙, due to correlations between their uncertainties.",,
59,planck2018-cosmology,astronomy,p-value,"PArthENoPE predicts Y BBN P = 0.24672 +(0.00011)0.00061 −(0.00012)0.00061 (95 %, TT,TE,EE+lowE), (72a) while PRIMAT gives Y BBN P = 0.24714 +(0.00012)0.00049 −(0.00013)0.00049 (95 ",,
60,kozlowski2019-geometry-culture,digital-humanities,confidence-interval,"For 90% confidence intervals, we randomly partition the corpus into 20 subcorpora, then calculate the error of our for each subsample s em",,
61,vonelm2007-strobe,medicine,odds-ratio,"gory boundaries when continuous variables were categorized (c) If relevant, consider translating estimates of relative risk into absolute risk for a meaningful time period Report o",,
62,abbott2017-gw170817,astronomy,null-hypothesis,"The estimated Hubble flow velocity near NGC 4993 of 3017 (cid:2) 166 km s−1 [141] provides a redshift, which in a flat cosmology with H0 1⁄4 67.90 (cid:2) 0.55 km s−1 Mpc−1 [90], c",,
63,mcmahon-olson2007-suppression,neuroscience,regression,"To answer these questions, we conducted a linear regression analysis on the visual responses evoked by rst and second presentations across all cases in which the monkey",,
64,srivastava2014-dropout,artificial-intelligence,p-value,All dropout nets use p = 0.5 for hidden units and p = 0.8 for input units.,,
65,ioannidis2005-false-findings,statistics,hypothesis-testing,"Hsueh HM, Chen JJ, Kodell RL (2003) Comparison of methods for estimating the number of true null hypotheses in multiplicity testing.",,
66,scarborough1977-lexical,cognitive-psychology,mean,"For high- frequency words, each word averaged 6.2 neighbors as compared with an average of 7.9 neighbors for low-frequency words, which is a nonsignificant difference, £(66) = 0.4,",,
67,bouchaud2008-market-impact,quantitative-finance,hypothesis-testing,have used membership codes of the London Stock Exchange to test the hypothesis of the theory presented in Lillo et al.,,
68,vohs2006-money,economics,chi-square,"In the last sentence of the fourth-to-last paragraph, “t(34)” should h ave been “χ2 (1)” .",,
69,jitendra2016-math,education,statistical-significance,ptable-quality studies supporting the practice and the weighted effect size with a 95% confidence interval is significantly greater than zero; a practice is considered promising wh,,
70,ioannidis2005-false-findings,statistics,null-hypothesis,"Hsueh HM, Chen JJ, Kodell RL (2003) Comparison of methods for estimating the number of true null hypotheses in multiplicity testing.",,
71,gomez-bombarelli2018-molecular-design,chemistry,regression,"omatically build an even larger implicit library, and then use the smaller set of labeled examples to build a regression model from the continuous representation to the desired pro",,
72,kahneman-tversky1979-prospect,psychology,statistical-significance,"Each of these preferences is significant at the .01 level, as denoted by the asterisk.",,
73,riess1998-accelerating-universe,astronomy,null-hypothesis,"The likelihood for the cosmological parameters can be determined from a χ2 statistic, where χ2(H0, ΩM , ΩΛ) = i X (μp,i(zi; H0, Ωm, ΩΛ) − μ0,i)2 μ0,i + σ2 σ2 v (4) – 12 – and σv is",,
74,wager2018-causal-forests,statistics,sample-size,"nd classical analysis tools going back to Hoeffding [1948] and H ́ajek [1968], we show that—provided the sub- sample size s scales appropriately with n—the predictions made by a ca",,
75,pastorsatorras2001-epidemic-scalefree,epidemiology,statistical-significance,The scale-free connectivity of the Internet implies that each node has a statistically significant probability of having a very large number of connections compared to the average ,,
76,simonyan2014-vgg,artificial-intelligence,Bayesian,Learning generative visual models from few training examples: An In IEEE CVPR Workshop of Generative incremental bayesian approach tested on 101 object categories.,,
77,jitendra2016-math,education,confidence-interval,h- quality or four acceptable-quality studies supporting the practice and the weighted effect size with a 95% confidence interval is significantly greater than zero; a practice is ,,
78,chernozhukov2018-double-ml,statistics,median,"(Incorporating the Impact of Sample Splitting using Mean and Median Methods) For point estimation, we define ̃θmean 0 1 S S (cid:88) s=1 ̃θs 0 or ̃θmedian 0 = median{ ̃θs 0}S s=1, ",,
79,gomez-bombarelli2018-molecular-design,chemistry,standard-deviation,"Whereas each individual dimension shows a slightly different mean and standard deviation, all follow normal distribution as enforced by the variational regularizer.",,
80,elgammal2017-creative-gan,art-history,sample-size,"1: Input: mini-batch images x, matching label ˆc, number of training batch steps S 2: for n = 1 to S do 3: 4: 5: 6: 7: z ∼ N (0, 1)Z {Draw sample of random noise} ˆx ← G(z) {Forwar",,
81,vaswani2017-attention,artificial-intelligence,statistical-significance,Experiments on two machine translation tasks show these models to be superior in quality while being more parallelizable and requiring significantly less time to train.,,
82,gatys2015-style-transfer,art-history,standard-error,(1) (2) from which the gradient with respect to the image (cid:126)x can be computed using standard error back-propagation.,,
83,kozlowski2019-geometry-culture,digital-humanities,standard-deviation,n are (1) greater disagreement among those surveyed regarding race and class 33 ​ ​ ​ ​ associations (average standard deviation=23.1) than gender (SD=20.8); (2) greater disagreeme,,
84,tishby1999-information-bottleneck,information-theory,Bayesian,") exp −β "" p(y|x) log p(y|x) p(y| ̃x) # y X (16) where the distribution p(y| ̃x) in the exponent is given via Bayes’ rule and the Markov chain condition ̃X ← X ← Y , as, p(y| ̃x) =",,
85,ioannidis2005-false-findings,statistics,false-discovery-rate,"Despite a large statistical literature for multiple testing corrections [37], usually it is impossible to decipher how much data dredging by the reporting authors or other research",,
86,ribeiro2016-lime,statistics,statistical-significance,"However, real-world data is often significantly different, and further, the evaluation metric may not be indicative of the product’s goal.",,
87,kitaev2003-anyons,physics,mean,"If the gauge symmetry is broken then there is a nonvanishing vacuum average of the Higgs field, φ(s) = = 0.",,
88,pennington2014-glove,linguistics,correlation,We compute Spearman’s rank correlation coefficient between this score and the human judgments.,,
89,logan1990-automaticity,cognitive-psychology,correlation,Error rate averaged 4% and was positively correlated with mean reaction time.,,
90,mnih2013-dqn,artificial-intelligence,Bayesian,Bayesian learning of recursively fac- In Proceedings of the Thirtieth International Conference on Machine tored environments.,,
91,gu2020-ml-asset-pricing,quantitative-finance,t-test,"GRS 10.75 -4.35 -2.68 -1.05 -0.54 2.17 2.20 3.41 4.86 5.39 6.59 9.96 p 0.00 This table shows the average returns, time series pricing errors and corresponding t-statistics for β-so",,
92,wager2018-causal-forests,statistics,hypothesis-testing,Quantifying uncertainty in random forests via confidence intervals and hypothesis tests.,,
93,bai2022-constitutional-ai,artificial-intelligence,statistical-significance,"Past experiments [Bai et al., 2022] showed that RLHF significantly improves the models’ ability to follow instructions, and the HH model is significantly more harmless than the hel",,
94,srivastava2014-dropout,artificial-intelligence,regression,The marginal- ization of dropout noise in the context of linear regression was discussed in Srivastava (2013).,,
95,asgari2015-protvec,biology,statistical-significance,A visual comparison between Figs 3 and 2 suggest that the FG-Nups have a significantly higher amount of hydrophobic residues and less polar residues in their PLOS ONE | DOI:10.1371,,
96,love2014-deseq2,genetics,R-squared,The adjusted Rand index [37] was used to compare a hierarchical clustering based on various distances with the true cluster membership.,,
97,hamilton2016-diachronic-embeddings,digital-humanities,regression,"The plots show robust linear regression fits (Huber, 2011) with 95% CIs on the 2000s decade of the COHA lemma data.",,
98,recht2019-continuous-control,control-theory,Bayesian,Bayesian Optimal Control of Smoothly Parameterized Systems: The Lazy Posterior Sampling Algorithm.,,
99,kitaev2003-anyons,physics,standard-error,This process is quite similar to the standard error correction procedure for the repetition code.,,
100,asgari2015-protvec,biology,regression,Least squares support vector machine classifiers.,,
101,ng2017-dna2vec,genetics,regression,Least squares support vector machine classifiers.,,
102,newman2003-complex-networks,network-science,null-hypothesis,n of the size of the component of occupied vertices to which a randomly chosen vertex belongs is generated by H0(x) where 0.03 0.02 0.01 n o i t c a r f l a c i t i r c H0(x) = 1 H,,
103,clauset2009-power-law-data,statistics,p-value,"If the resulting p-value is greater than 0.1 the power law is a plausible hypothesis for the data, otherwise it is rejected.",,
104,hardt2016-equality-opportunity,law,correlation,"If A and X3, and thus A and Y , are positively correlated, then (cid:101)R would depend inversely on A (see numerical construction below), introducing a form of “corre",,
105,shannon1948-communication,information-theory,mean,"ly: W log P N If the noise is Gaussian but with a spectrum which is not necessarily flat, N1 is the geometric mean of (cid:16) (cid:17) the noise power over the various frequencies",,
106,eht2019-m87-black-hole,astronomy,median,median zenith atmospheric opacities at 230 GHz ranging from 0.03 to 0.28 over the different locations.,,
107,nguyen2020-text-as-data,digital-humanities,sample-size,Expanding the collection beyond the documents that we would immediately think of has the beneficial effect of increasing our sample size.,,
108,friis2017-nudge,behavioral-economics,standard-deviation,"3 Mean ± SD, all such values.",,
109,logan1990-automaticity,cognitive-psychology,sample-size,"Intuitively, the power- function speed-up follows from two opposing tendencies that govern the race: On the one hand, there are more opportunities to observe an ex- treme value as ",,
110,kingma2014-adam,artificial-intelligence,Bayesian,"e with high probability within some set region in parameter space; it is not uncommon, for example, to have a prior distribution over the parameters.",,
111,schutt2017-schnet,chemistry,Bayesian,Bayesian interpolation of unequally spaced time series.,,
112,shannon1948-communication,information-theory,sample-size,Increasing the sample size always sharpens the possible statistical assertions.,,
113,onnela2007-tie-strengths,sociology,standard-deviation,Repeating this 10000 times gives a distribution of the estimates of the value the standard deviations of the .,,
114,srivastava2014-dropout,artificial-intelligence,statistical-significance,found that training a network with dropout and using this approximate averaging method at test time leads to significantly lower generalization error on a wide variety of classific,,
115,nakamoto2008-bitcoin,economics,p-value,q=0.1 z=0 P=1.0000000 z=1 P=0.2045873 z=2 P=0.0509779 z=3 P=0.0131722 z=4 P=0.0034552 z=5 P=0.0009137 z=6 P=0.0002428 z=7 P=0.0000647 z=8 P=0.0000173 z=9 P=0.0000046 z=10 P=0.00000,,
116,bock1986-syntactic,linguistics,variance,"None of the in- teractions involving the prime agency factor were significant, with all Fs < 1 in analyses of variance treating subjects as random effects, and all Fs < 1.07 in ana",,
117,kitaev2003-anyons,physics,null-hypothesis,"In particular, 0 = U H0 U † = H ′ 0 ≡ − X s σx s − X p σz p (8) 1, Qp ≡ H ′ In the field theory language, the vertex variables vs (or the operators σz s ) are a Higgs field.",,
118,candes2006-robust-uncertainty,information-theory,sample-size,Note that the problem here does not really have anything to do with l1-minimization per se; f cannot be reconstructed from its Fourier samples on Ω thereby showing that Theorem 1.1,,
119,schutt2017-schnet,chemistry,correlation,"Pearson, and A.",,
120,he2015-resnet,artificial-intelligence,mean,"For ResNet-110, we run it 5 times and show “best (mean±std)” as in [43].",,
